 INSERT INTO felhasznalo (id, nev, jelszo, email,adminisztrator_e) VALUES (1,'admin', 'admin', 'admin@admin.com',1);
 INSERT INTO felhasznalo (id, nev, jelszo, email,adminisztrator_e) VALUES (2,'Gipsz Virág', 'PDHLHYVPSYLDSJQD', 'Gipsz.Virág1@mail.com',0);
 INSERT INTO felhasznalo (id, nev, jelszo, email,adminisztrator_e) VALUES (3,'Cserepes Elek', 'LVRONUXNHURQAPKB', 'Cserepes.Elek2@mail.com',0);
 INSERT INTO felhasznalo (id, nev, jelszo, email,adminisztrator_e) VALUES (4,'Teszt Sándor', 'AXZWIHSZBXIXYGCW', 'Teszt.Sándor3@mail.com',0);
 INSERT INTO felhasznalo (id, nev, jelszo, email,adminisztrator_e) VALUES (5,'Széles István', 'JWHLVNSRVOYWPLMC', 'Széles.István4@mail.com',1);
 INSERT INTO felhasznalo (id, nev, jelszo, email,adminisztrator_e) VALUES (6,'Békés Ádám', 'VGXCRIDCCTMTKOJQ', 'Békés.Ádám5@mail.com',1);
 INSERT INTO felhasznalo (id, nev, jelszo, email,adminisztrator_e) VALUES (7,'Kovács Jakab', 'PXPNVTNSFYIRCLYT', 'Kovács.Jakab6@mail.com',0);
 INSERT INTO felhasznalo (id, nev, jelszo, email,adminisztrator_e) VALUES (8,'Gipsz Virág', 'UNJUYBPLZFJEYYRH', 'Gipsz.Virág7@mail.com',1);
 INSERT INTO felhasznalo (id, nev, jelszo, email,adminisztrator_e) VALUES (9,'Cserepes Elek', 'SJFGMGTRDOYDMORY', 'Cserepes.Elek8@mail.com',1);
 INSERT INTO felhasznalo (id, nev, jelszo, email,adminisztrator_e) VALUES (10,'Teszt Sándor', 'AJYWIHDKJFHTUHPD', 'Teszt.Sándor9@mail.com',1);
 INSERT INTO felhasznalo (id, nev, jelszo, email,adminisztrator_e) VALUES (11,'Széles István', 'WGLGTMWEGFPPJRSA', 'Széles.István10@mail.com',0);
 INSERT INTO felhasznalo (id, nev, jelszo, email,adminisztrator_e) VALUES (12,'Békés Ádám', 'YPKMSJLORUJFWRGV', 'Békés.Ádám11@mail.com',0);
 INSERT INTO felhasznalo (id, nev, jelszo, email,adminisztrator_e) VALUES (13,'Kovács Virág', 'OQSYPKWFSMAWRRPY', 'Kovács.Virág12@mail.com',0);
 INSERT INTO felhasznalo (id, nev, jelszo, email,adminisztrator_e) VALUES (14,'Gipsz Elek', 'FNFIXHMTXTWMMMQL', 'Gipsz.Elek13@mail.com',1);
 INSERT INTO felhasznalo (id, nev, jelszo, email,adminisztrator_e) VALUES (15,'Cserepes Sándor', 'ECGSITHQLSSTPOGV', 'Cserepes.Sándor14@mail.com',1);
 INSERT INTO felhasznalo (id, nev, jelszo, email,adminisztrator_e) VALUES (16,'Teszt István', 'OCWWTCMLHJEYYTDS', 'Teszt.István15@mail.com',1);
 INSERT INTO felhasznalo (id, nev, jelszo, email,adminisztrator_e) VALUES (17,'Széles Ádám', 'OCLYOUFWRYCGVRTE', 'Széles.Ádám16@mail.com',1);
 INSERT INTO felhasznalo (id, nev, jelszo, email,adminisztrator_e) VALUES (18,'Békés Jakab', 'KCNVWTSBQASCMBWT', 'Békés.Jakab17@mail.com',1);
 INSERT INTO felhasznalo (id, nev, jelszo, email,adminisztrator_e) VALUES (19,'Kovács Elek', 'MXABAUGRBOYIMNCL', 'Kovács.Elek18@mail.com',1);
 INSERT INTO felhasznalo (id, nev, jelszo, email,adminisztrator_e) VALUES (20,'Gipsz Sándor', 'DSFSRLSQWZOFYXWP', 'Gipsz.Sándor19@mail.com',0);
 INSERT INTO felhasznalo (id, nev, jelszo, email,adminisztrator_e) VALUES (21,'Cserepes István', 'JLYRQPULFCUSWORZ', 'Cserepes.István20@mail.com',1);
 INSERT INTO felhasznalo (id, nev, jelszo, email,adminisztrator_e) VALUES (22,'Teszt Ádám', 'NOJYYVGYHPGVUCKA', 'Teszt.Ádám21@mail.com',0);
 INSERT INTO felhasznalo (id, nev, jelszo, email,adminisztrator_e) VALUES (23,'Széles Jakab', 'OPGQWPSGPZOUDLKU', 'Széles.Jakab22@mail.com',0);
 INSERT INTO felhasznalo (id, nev, jelszo, email,adminisztrator_e) VALUES (24,'Békés Virág', 'MOFABNICSIQHOWPW', 'Békés.Virág23@mail.com',1);
 INSERT INTO felhasznalo (id, nev, jelszo, email,adminisztrator_e) VALUES (25,'Kovács Elek', 'JABIFXVJVDKEHMTV', 'Kovács.Elek24@mail.com',1);
 INSERT INTO felhasznalo (id, nev, jelszo, email,adminisztrator_e) VALUES (26,'Gipsz Sándor', 'DEKAZWIWTFOEIWOW', 'Gipsz.Sándor25@mail.com',1);
 INSERT INTO felhasznalo (id, nev, jelszo, email,adminisztrator_e) VALUES (27,'Cserepes István', 'DGUJMTXHCBHMDVUR', 'Cserepes.István26@mail.com',1);
 INSERT INTO felhasznalo (id, nev, jelszo, email,adminisztrator_e) VALUES (28,'Teszt István', 'AOURFOHEWNJZLIRH', 'Teszt.István27@mail.com',1);
 INSERT INTO felhasznalo (id, nev, jelszo, email,adminisztrator_e) VALUES (29,'Széles Ádám', 'ADDHFMLCLGBXTKQQ', 'Széles.Ádám28@mail.com',0);
 INSERT INTO felhasznalo (id, nev, jelszo, email,adminisztrator_e) VALUES (30,'Békés Jakab', 'GGCHSLDKQGQKLUCN', 'Békés.Jakab29@mail.com',0);
 INSERT INTO felhasznalo (id, nev, jelszo, email,adminisztrator_e) VALUES (31,'Kovács Béla', 'ENPUEPGLOBMKZGDS', 'Kovács.Béla30@mail.com',1);

INSERT INTO lektor (id, tudomanyos_fokozat, intezet, szakterulet, felhasznalo_adatok_id)
VALUES (1, 'PHD', 'Élelmiszermérnöki Intézet', 'Gépészmérnöki', 1);
INSERT INTO lektor (id, tudomanyos_fokozat, intezet, szakterulet, felhasznalo_adatok_id)
VALUES (2, 'PHD', 'Biológiai Rendszerek Műszaki Intézete', 'Gépészmérnöki', 2);
INSERT INTO lektor (id, tudomanyos_fokozat, intezet, szakterulet, felhasznalo_adatok_id)
VALUES (3, 'PHD', 'Gépészeti Intézet', 'Gépészmérnöki', 3);
INSERT INTO lektor (id, tudomanyos_fokozat, intezet, szakterulet, felhasznalo_adatok_id)
VALUES (4, 'PHD', 'Mechatronikai és Automatizálási Intézet', 'Gépészmérnöki', 4);
INSERT INTO lektor (id, tudomanyos_fokozat, intezet, szakterulet, felhasznalo_adatok_id)
VALUES (5, 'PHD', 'Mérnöki Menedzsment és Ökonómiai Intézet', 'Gépészmérnöki', 5);
INSERT INTO lektor (id, tudomanyos_fokozat, intezet, szakterulet, felhasznalo_adatok_id)
VALUES (6, 'PHD', 'Közjogi Intézet', 'Közigazgatási tudományok', 6);
INSERT INTO lektor (id, tudomanyos_fokozat, intezet, szakterulet, felhasznalo_adatok_id)
VALUES (7, 'PHD', 'Civilisztikai Tudományok Intézete', 'Közigazgatási tudományok', 7);
INSERT INTO lektor (id, tudomanyos_fokozat, intezet, szakterulet, felhasznalo_adatok_id)
VALUES (8, 'PHD', 'Munkajogi és Szociális jogi Tanszék', 'Jogtudomány', 8);
INSERT INTO lektor (id, tudomanyos_fokozat, intezet, szakterulet, felhasznalo_adatok_id)
VALUES (9, 'PHD', 'Nemzetközi és Regionális Tanulmányok Intézete', 'Nemzetközi kapcsolatok és európai tanulmányok', 9);
INSERT INTO lektor (id, tudomanyos_fokozat, intezet, szakterulet, felhasznalo_adatok_id)
VALUES (10, 'PHD', 'Bűnügyi Tudományok Intézete', 'Jogtudomány', 10);
INSERT INTO lektor (id, tudomanyos_fokozat, intezet, szakterulet, felhasznalo_adatok_id)
VALUES (11, 'PHD', 'Informatikai Intézet', 'Informatika', 11);
INSERT INTO lektor (id, tudomanyos_fokozat, intezet, szakterulet, felhasznalo_adatok_id)
VALUES (12, 'PHD', 'Informatikai Intézet', 'Kibernetika és statisztika', 12);
INSERT INTO lektor (id, tudomanyos_fokozat, intezet, szakterulet, felhasznalo_adatok_id)
VALUES (13, 'PHD', 'Matematikai Intézet', 'Matematika', 13);
INSERT INTO lektor (id, tudomanyos_fokozat, intezet, szakterulet, felhasznalo_adatok_id)
VALUES (14, 'PHD', 'Gépészeti Intézet', 'Gépészmérnöki', 14);
INSERT INTO lektor (id, tudomanyos_fokozat, intezet, szakterulet, felhasznalo_adatok_id)
VALUES (15, 'PHD', 'Mechatronikai és Automatizálási Intézet', 'Gépészmérnöki', 15);
INSERT INTO lektor (id, tudomanyos_fokozat, intezet, szakterulet, felhasznalo_adatok_id)
VALUES (16, 'PHD', 'Mérnöki Menedzsment és Ökonómiai Intézet', 'Gépészmérnöki', 16);
INSERT INTO lektor (id, tudomanyos_fokozat, intezet, szakterulet, felhasznalo_adatok_id)
VALUES (17, 'PHD', 'Közjogi Intézet', 'Közigazgatási tudományok', 17);
INSERT INTO lektor (id, tudomanyos_fokozat, intezet, szakterulet, felhasznalo_adatok_id)
VALUES (18, 'PHD', 'Civilisztikai Tudományok Intézete', 'Közigazgatási tudományok', 18);
INSERT INTO lektor (id, tudomanyos_fokozat, intezet, szakterulet, felhasznalo_adatok_id)
VALUES (19, 'PHD', 'Munkajogi és Szociális jogi Tanszék', 'Jogtudomány', 19);
INSERT INTO lektor (id, tudomanyos_fokozat, intezet, szakterulet, felhasznalo_adatok_id)
VALUES (20, 'PHD', 'Informatikai Intézet', 'Informatika', 20);
INSERT INTO lektor (id, tudomanyos_fokozat, intezet, szakterulet, felhasznalo_adatok_id)
VALUES (21, 'PHD', 'Informatikai Intézet', 'Kibernetika és statisztika',21);
INSERT INTO lektor (id, tudomanyos_fokozat, intezet, szakterulet, felhasznalo_adatok_id)
VALUES (22, 'PHD', 'Informatikai Intézet', 'Kibernetika és statisztika',22);

INSERT INTO nyelvtudas (id, nyelv, szint, lektor_id)VALUES
(1, 'francia', 'B1', 18);
INSERT INTO nyelvtudas (id, nyelv, szint, lektor_id)VALUES
(2, 'francia', 'A1', 14);
INSERT INTO nyelvtudas (id, nyelv, szint, lektor_id)VALUES
(3, 'angol', 'B1', 3);
INSERT INTO nyelvtudas (id, nyelv, szint, lektor_id)VALUES
(4, 'latin', 'C1', 5);
INSERT INTO nyelvtudas (id, nyelv, szint, lektor_id)VALUES
(5, 'latin', 'B2', 14);
INSERT INTO nyelvtudas (id, nyelv, szint, lektor_id)VALUES
(6, 'latin', 'B2', 2);
INSERT INTO nyelvtudas (id, nyelv, szint, lektor_id)VALUES
(7, 'francia', 'C1', 9);
INSERT INTO nyelvtudas (id, nyelv, szint, lektor_id)VALUES
(8, 'olasz', 'B2', 11);
INSERT INTO nyelvtudas (id, nyelv, szint, lektor_id)VALUES
(9, 'latin', 'B2', 11);
INSERT INTO nyelvtudas (id, nyelv, szint, lektor_id)VALUES
(10, 'német', 'B2', 19);
INSERT INTO nyelvtudas (id, nyelv, szint, lektor_id)VALUES
(11, 'latin', 'C1', 14);
INSERT INTO nyelvtudas (id, nyelv, szint, lektor_id)VALUES
(12, 'latin', 'C1', 6);
INSERT INTO nyelvtudas (id, nyelv, szint, lektor_id)VALUES
(13, 'latin', 'A1', 19);
INSERT INTO nyelvtudas (id, nyelv, szint, lektor_id)VALUES
(14, 'latin', 'C1', 18);
INSERT INTO nyelvtudas (id, nyelv, szint, lektor_id)VALUES
(15, 'német', 'A1', 4);
INSERT INTO nyelvtudas (id, nyelv, szint, lektor_id)VALUES
(16, 'olasz', 'B2', 20);
INSERT INTO nyelvtudas (id, nyelv, szint, lektor_id)VALUES
(17, 'német', 'A1', 21);
INSERT INTO nyelvtudas (id, nyelv, szint, lektor_id)VALUES
(18, 'olasz', 'C1', 15);
INSERT INTO nyelvtudas (id, nyelv, szint, lektor_id)VALUES
(19, 'latin', 'B2', 2);
INSERT INTO nyelvtudas (id, nyelv, szint, lektor_id)VALUES
(20, 'francia', 'B1', 16);
INSERT INTO nyelvtudas (id, nyelv, szint, lektor_id)VALUES
(21, 'olasz', 'C1', 17);
INSERT INTO nyelvtudas (id, nyelv, szint, lektor_id)VALUES
(22, 'olasz', 'C1', 9);
INSERT INTO nyelvtudas (id, nyelv, szint, lektor_id)VALUES
(23, 'latin', 'B2', 14);
INSERT INTO nyelvtudas (id, nyelv, szint, lektor_id)VALUES
(24, 'angol', 'A1', 4);
INSERT INTO nyelvtudas (id, nyelv, szint, lektor_id)VALUES
(25, 'német', 'A2', 16);
INSERT INTO nyelvtudas (id, nyelv, szint, lektor_id)VALUES
(26, 'olasz', 'C1', 10);
INSERT INTO nyelvtudas (id, nyelv, szint, lektor_id)VALUES
(27, 'francia', 'B1', 5);
INSERT INTO nyelvtudas (id, nyelv, szint, lektor_id)VALUES
(28, 'német', 'A2', 14);
INSERT INTO nyelvtudas (id, nyelv, szint, lektor_id)VALUES
(29, 'francia', 'B1', 21);
INSERT INTO nyelvtudas (id, nyelv, szint, lektor_id)VALUES
(30, 'német', 'A2', 10);
INSERT INTO nyelvtudas (id, nyelv, szint, lektor_id)VALUES
(31, 'olasz', 'C1', 8);
INSERT INTO nyelvtudas (id, nyelv, szint, lektor_id)VALUES
(32, 'latin', 'B2', 9);
INSERT INTO nyelvtudas (id, nyelv, szint, lektor_id)VALUES
(33, 'német', 'A2', 16);
INSERT INTO nyelvtudas (id, nyelv, szint, lektor_id)VALUES
(34, 'latin', 'B2', 20);
INSERT INTO nyelvtudas (id, nyelv, szint, lektor_id)VALUES
(35, 'latin', 'B2', 19);
INSERT INTO nyelvtudas (id, nyelv, szint, lektor_id)VALUES
(36, 'francia', 'B1', 22);
INSERT INTO nyelvtudas (id, nyelv, szint, lektor_id)VALUES
(37, 'angol', 'B1', 21);
INSERT INTO nyelvtudas (id, nyelv, szint, lektor_id)VALUES
(38, 'magyar', 'C2', 6);
INSERT INTO nyelvtudas (id, nyelv, szint, lektor_id)VALUES
(39, 'német', 'A2', 3);
INSERT INTO nyelvtudas (id, nyelv, szint, lektor_id)VALUES
(40, 'latin', 'B2', 21);

INSERT INTO Temakor (id, megnevezes, fo_temakor_id) VALUES
(1, 'Film festivals', NULL);
INSERT INTO Temakor (id, megnevezes, fo_temakor_id) VALUES
(2, 'Street performers', NULL),;
INSERT INTO Temakor (id, megnevezes, fo_temakor_id) VALUES
(3, 'Electric vehicles', NULL);
INSERT INTO Temakor (id, megnevezes, fo_temakor_id) VALUES
(4, 'Car racing', NULL);
INSERT INTO Temakor (id, megnevezes, fo_temakor_id) VALUES
(5, 'Skincare routines', NULL);
INSERT INTO Temakor (id, megnevezes, fo_temakor_id) VALUES
(6, 'Hairstyling techniques', NULL);
INSERT INTO Temakor (id, megnevezes, fo_temakor_id) VALUES
(7, 'Startup funding', NULL);
INSERT INTO Temakor (id, megnevezes, fo_temakor_id) VALUES
(8, 'Investing in real estate', NULL);
INSERT INTO Temakor (id, megnevezes, fo_temakor_id) VALUES
(9, 'Virtual reality gaming', NULL);
INSERT INTO Temakor (id, megnevezes, fo_temakor_id) VALUES
(10, 'Smart home devices', NULL);
INSERT INTO Temakor (id, megnevezes, fo_temakor_id) VALUES
(11, 'Online courses', NULL);
INSERT INTO Temakor (id, megnevezes, fo_temakor_id) VALUES
(12, 'Exam preparation', NULL);
INSERT INTO Temakor (id, megnevezes, fo_temakor_id) VALUES
(13, 'Plant-based diets', NULL);
INSERT INTO Temakor (id, megnevezes, fo_temakor_id) VALUES
(14, 'Food photography', NULL);
INSERT INTO Temakor (id, megnevezes, fo_temakor_id) VALUES
(15, 'Mental health awareness', NULL);
INSERT INTO Temakor (id, megnevezes, fo_temakor_id) VALUES
(16, 'Alternative medicine', NULL);
INSERT INTO Temakor (id, megnevezes, fo_temakor_id) VALUES
(17, 'Hiking trails', NULL);
INSERT INTO Temakor (id, megnevezes, fo_temakor_id) VALUES
(18, 'Board games', NULL);
INSERT INTO Temakor (id, megnevezes, fo_temakor_id) VALUES
(19, 'Sustainable gardening', NULL);
INSERT INTO Temakor (id, megnevezes, fo_temakor_id) VALUES
(20, 'DIY home decor', NULL);
INSERT INTO Temakor (id, megnevezes, fo_temakor_id) VALUES
(21, 'Cybersecurity', NULL);
INSERT INTO Temakor (id, megnevezes, fo_temakor_id) VALUES
(22, 'Social media trends', NULL);
INSERT INTO Temakor (id, megnevezes, fo_temakor_id) VALUES
(23, 'Resume writing', NULL);
INSERT INTO Temakor (id, megnevezes, fo_temakor_id) VALUES
(24, 'Job interview tips', NULL);
INSERT INTO Temakor (id, megnevezes, fo_temakor_id) VALUES
(25, 'Criminal justice reform', NULL);
INSERT INTO Temakor (id, megnevezes, fo_temakor_id) VALUES
(26, 'Immigration policies', NULL);
INSERT INTO Temakor (id, megnevezes, fo_temakor_id) VALUES
(27, 'Global politics', NULL);
INSERT INTO Temakor (id, megnevezes, fo_temakor_id) VALUES
(28, 'Climate change news', NULL);
INSERT INTO Temakor (id, megnevezes, fo_temakor_id) VALUES
(29, 'Space exploration', NULL);
INSERT INTO Temakor (id, megnevezes, fo_temakor_id) VALUES
(30, 'Climate science', NULL);
INSERT INTO Temakor (id, megnevezes, fo_temakor_id) VALUES
(31, 'Online shopping deals', NULL);
INSERT INTO Temakor (id, megnevezes, fo_temakor_id) VALUES
(32, 'Secondhand shopping', NULL);
INSERT INTO Temakor (id, megnevezes, fo_temakor_id) VALUES
(33, 'Olympic games', NULL);
INSERT INTO Temakor (id, megnevezes, fo_temakor_id) VALUES
(34, 'Fantasy football leagues', NULL);
INSERT INTO Temakor (id, megnevezes, fo_temakor_id) VALUES
(35, 'Adventure travel', NULL);
INSERT INTO Temakor (id, megnevezes, fo_temakor_id) VALUES
(36, 'Luxury travel destinations', NULL);
INSERT INTO Temakor (id, megnevezes, fo_temakor_id) VALUES
(37, 'Severe weather alerts', NULL);
INSERT INTO Temakor (id, megnevezes, fo_temakor_id) VALUES
(38, 'Local weather forecasts', NULL);
INSERT INTO Temakor (id, megnevezes, fo_temakor_id) VALUES
(39, 'City development projects', NULL);
INSERT INTO Temakor (id, megnevezes, fo_temakor_id) VALUES
(40, 'Cultural landmarks', NULL);

INSERT INTO Kategoria (id, megnevezes, fo_kategoria_id)
VALUES (1, 'Arts and Entertainment', NULL);
INSERT INTO Kategoria (id, megnevezes, fo_kategoria_id)
VALUES (2, 'Automotive', NULL);
INSERT INTO Kategoria (id, megnevezes, fo_kategoria_id)
VALUES (3, 'Beauty and Fitness', NULL);
INSERT INTO Kategoria (id, megnevezes, fo_kategoria_id)
VALUES (4, 'Books and Literature', NULL);
INSERT INTO Kategoria (id, megnevezes, fo_kategoria_id)
VALUES (5, 'Business and Finance', NULL);
INSERT INTO Kategoria (id, megnevezes, fo_kategoria_id)
VALUES (6, 'Computers and Electronics', NULL);
INSERT INTO Kategoria (id, megnevezes, fo_kategoria_id)
VALUES (7, 'Education', NULL);
INSERT INTO Kategoria (id, megnevezes, fo_kategoria_id)
VALUES (8, 'Food and Drink', NULL);
INSERT INTO Kategoria (id, megnevezes, fo_kategoria_id)
VALUES (9, 'Games', NULL);
INSERT INTO Kategoria (id, megnevezes, fo_kategoria_id)
VALUES (10, 'Health', NULL);
INSERT INTO Kategoria (id, megnevezes, fo_kategoria_id)
VALUES (11, 'Hobbies and Interests', NULL);
INSERT INTO Kategoria (id, megnevezes, fo_kategoria_id)
VALUES (12, 'Home and Garden', NULL);
INSERT INTO Kategoria (id, megnevezes, fo_kategoria_id)
VALUES (13, 'Law and Government', NULL);
INSERT INTO Kategoria (id, megnevezes, fo_kategoria_id)
VALUES (14, 'News and Media', NULL);
INSERT INTO Kategoria (id, megnevezes, fo_kategoria_id)
VALUES (15, 'Pets and Animals', NULL);
INSERT INTO Kategoria (id, megnevezes, fo_kategoria_id)
VALUES (16, 'Real Estate', NULL);
INSERT INTO Kategoria (id, megnevezes, fo_kategoria_id)
VALUES (17, 'Science', NULL);
INSERT INTO Kategoria (id, megnevezes, fo_kategoria_id)
VALUES (18, 'Shopping', NULL);
INSERT INTO Kategoria (id, megnevezes, fo_kategoria_id)
VALUES (19, 'Sports', NULL);
INSERT INTO Kategoria (id, megnevezes, fo_kategoria_id)
VALUES (20, 'Travel', NULL);

INSERT INTO Cikk (id, cim, tartalom, feltoltes_ideje, utolso_modositas_ideje, modositasok_szama, lektoralt_e, nyelv, szerzo_id, utolso_modosito_id)
VALUES (1, 'Title 1', 'Content 1', '2023-04-29', '2023-04-29', 0, 0, 'English', 1, 1);
INSERT INTO Cikk (id, cim, tartalom, feltoltes_ideje, utolso_modositas_ideje, modositasok_szama, lektoralt_e, nyelv, szerzo_id, utolso_modosito_id)
VALUES (2, 'Title 2', 'Content 2', '2023-04-28', '2023-04-28', 0, 0, 'Spanish', 2, 2);
INSERT INTO Cikk (id, cim, tartalom, feltoltes_ideje, utolso_modositas_ideje, modositasok_szama, lektoralt_e, nyelv, szerzo_id, utolso_modosito_id)
VALUES (3, 'Title 3', 'Content 3', '2023-04-27', '2023-04-27', 0, 1, 'German', 3, 3);
INSERT INTO Cikk (id, cim, tartalom, feltoltes_ideje, utolso_modositas_ideje, modositasok_szama, lektoralt_e, nyelv, szerzo_id, utolso_modosito_id)
VALUES (4, 'Title 4', 'Content 4', '2023-04-26', '2023-04-26', 0, 1, 'French', 4, 4);
INSERT INTO Cikk (id, cim, tartalom, feltoltes_ideje, utolso_modositas_ideje, modositasok_szama, lektoralt_e, nyelv, szerzo_id, utolso_modosito_id)
VALUES (5, 'Title 5', 'Content 5', '2023-04-25', '2023-04-25', 0, 0, 'English', 5, 5);
INSERT INTO Cikk (id, cim, tartalom, feltoltes_ideje, utolso_modositas_ideje, modositasok_szama, lektoralt_e, nyelv, szerzo_id, utolso_modosito_id)
VALUES (6, 'Title 6', 'Content 6', '2023-04-24', '2023-04-24', 0, 1, 'German', 6, 6);
INSERT INTO Cikk (id, cim, tartalom, feltoltes_ideje, utolso_modositas_ideje, modositasok_szama, lektoralt_e, nyelv, szerzo_id, utolso_modosito_id)
VALUES (7, 'Title 7', 'Content 7', '2023-04-23', '2023-04-23', 0, 1, 'French', 7, 7);
INSERT INTO Cikk (id, cim, tartalom, feltoltes_ideje, utolso_modositas_ideje, modositasok_szama, lektoralt_e, nyelv, szerzo_id, utolso_modosito_id)
VALUES (8, 'Cikk 8 címe', 'Cikk 8 tartalma', '2023-04-30', '2023-04-30', 0, 0, 'Magyar', 3, 3);
INSERT INTO Cikk (id, cim, tartalom, feltoltes_ideje, utolso_modositas_ideje, modositasok_szama, lektoralt_e, nyelv, szerzo_id, utolso_modosito_id)
VALUES (9, 'Cikk 9 címe', 'Cikk 9 tartalma', '2023-04-30', '2023-04-30', 0, 0, 'Angol', 4, 4);
INSERT INTO Cikk (id, cim, tartalom, feltoltes_ideje, utolso_modositas_ideje, modositasok_szama, lektoralt_e, nyelv, szerzo_id, utolso_modosito_id)
VALUES (10, 'Cikk 10 címe', 'Cikk 10 tartalma', '2023-04-30', '2023-04-30', 0, 0, 'Német', 2, 2);
INSERT INTO Cikk (id, cim, tartalom, feltoltes_ideje, utolso_modositas_ideje, modositasok_szama, lektoralt_e, nyelv, szerzo_id, utolso_modosito_id)
VALUES (11, 'Cikk 11 címe', 'Cikk 11 tartalma', '2023-04-30', '2023-04-30', 0, 0, 'Magyar', 3, 3);
INSERT INTO Cikk (id, cim, tartalom, feltoltes_ideje, utolso_modositas_ideje, modositasok_szama, lektoralt_e, nyelv, szerzo_id, utolso_modosito_id)
VALUES (12, 'Cikk 12 címe', 'Cikk 12 tartalma', '2023-04-30', '2023-04-30', 0, 0, 'Angol', 4, 4);
INSERT INTO Cikk (id, cim, tartalom, feltoltes_ideje, utolso_modositas_ideje, modositasok_szama, lektoralt_e, nyelv, szerzo_id, utolso_modosito_id)
VALUES (13, 'Cikk 13 címe', 'Cikk 13 tartalma', '2023-04-30', '2023-04-30', 0, 0, 'Német', 2, 2);
INSERT INTO Cikk (id, cim, tartalom, feltoltes_ideje, utolso_modositas_ideje, modositasok_szama, lektoralt_e, nyelv, szerzo_id, utolso_modosito_id)
VALUES (14, 'Cikk 14 címe', 'Cikk 14 tartalma', '2023-04-30', '2023-04-30', 0, 0, 'Német', 2, 2);
INSERT INTO Cikk(id, cim, tartalom, feltoltes_ideje, utolso_modositas_ideje, modositasok_szama, lektoralt_e, nyelv, szerzo_id, utolso_modosito_id)
VALUES (15, 'Lorem Ipsum 28', 'Lorem ipsum dolor sit amet, consectetur adipiscing elit. Vivamus lobortis velit sed arcu dapibus tincidunt. Praesent sagittis orci ut tincidunt viverra.', '2023-04-30', '2023-04-30', 0, 0, 'hu', 4, 4);
INSERT INTO Cikk(id, cim, tartalom, feltoltes_ideje, utolso_modositas_ideje, modositasok_szama, lektoralt_e, nyelv, szerzo_id, utolso_modosito_id)
VALUES (16, 'Lorem Ipsum 29', 'Lorem ipsum dolor sit amet, consectetur adipiscing elit. Vivamus lobortis velit sed arcu dapibus tincidunt. Praesent sagittis orci ut tincidunt viverra.', '2023-04-30', '2023-04-30', 0, 0, 'hu', 4, 4);
INSERT INTO Cikk(id, cim, tartalom, feltoltes_ideje, utolso_modositas_ideje, modositasok_szama, lektoralt_e, nyelv, szerzo_id, utolso_modosito_id)
VALUES (17, 'Lorem Ipsum 30', 'Lorem ipsum dolor sit amet, consectetur adipiscing elit. Vivamus lobortis velit sed arcu dapibus tincidunt. Praesent sagittis orci ut tincidunt viverra.', '2023-04-30', '2023-04-30', 0, 0, 'hu', 4, 4);
INSERT INTO Cikk(id, cim, tartalom, feltoltes_ideje, utolso_modositas_ideje, modositasok_szama, lektoralt_e, nyelv, szerzo_id, utolso_modosito_id)
VALUES (18, 'Lorem Ipsum 31', 'Lorem ipsum dolor sit amet, consectetur adipiscing elit. Vivamus lobortis velit sed arcu dapibus tincidunt. Praesent sagittis orci ut tincidunt viverra.', '2023-04-30', '2023-04-30', 0, 0, 'hu', 4, 4);
INSERT INTO Cikk(id, cim, tartalom, feltoltes_ideje, utolso_modositas_ideje, modositasok_szama, lektoralt_e, nyelv, szerzo_id, utolso_modosito_id)
VALUES (19, 'Lorem Ipsum 32', 'Lorem ipsum dolor sit amet, consectetur adipiscing elit. Vivamus lobortis velit sed arcu dapibus tincidunt. Praesent sagittis orci ut tincidunt viverra.', '2023-04-30', '2023-04-30', 0, 0, 'hu', 4, 4);

INSERT INTO Cikk_kategoria (id, cikk_id, kategoria_id) VALUES (1, 1, 2);
INSERT INTO Cikk_kategoria (id, cikk_id, kategoria_id) VALUES (2, 1, 3);
INSERT INTO Cikk_kategoria (id, cikk_id, kategoria_id) VALUES (3, 1, 4);
INSERT INTO Cikk_kategoria (id, cikk_id, kategoria_id) VALUES (4, 2, 1);
INSERT INTO Cikk_kategoria (id, cikk_id, kategoria_id) VALUES (5, 2, 3);
INSERT INTO Cikk_kategoria (id, cikk_id, kategoria_id) VALUES (6, 2, 5);
INSERT INTO Cikk_kategoria (id, cikk_id, kategoria_id) VALUES (7, 3, 2);
INSERT INTO Cikk_kategoria (id, cikk_id, kategoria_id) VALUES (8, 3, 4);
INSERT INTO Cikk_kategoria (id, cikk_id, kategoria_id) VALUES (9, 3, 5);
INSERT INTO Cikk_kategoria (id, cikk_id, kategoria_id) VALUES (10, 4, 1);
INSERT INTO Cikk_kategoria (id, cikk_id, kategoria_id) VALUES (11, 4, 2);
INSERT INTO Cikk_kategoria (id, cikk_id, kategoria_id) VALUES (12, 4, 5);
INSERT INTO Cikk_kategoria (id, cikk_id, kategoria_id) VALUES (13, 5, 1);
INSERT INTO Cikk_kategoria (id, cikk_id, kategoria_id) VALUES (14, 5, 2);
INSERT INTO Cikk_kategoria (id, cikk_id, kategoria_id) VALUES (15, 5, 3);
INSERT INTO Cikk_kategoria (id, cikk_id, kategoria_id) VALUES (16, 6, 3);
INSERT INTO Cikk_kategoria (id, cikk_id, kategoria_id) VALUES (17, 6, 4);
INSERT INTO Cikk_kategoria (id, cikk_id, kategoria_id) VALUES (18, 6, 5);
INSERT INTO Cikk_kategoria (id, cikk_id, kategoria_id) VALUES (19, 7, 2);
INSERT INTO Cikk_kategoria (id, cikk_id, kategoria_id) VALUES (20, 7, 5);

INSERT INTO Cikk_temakor(id, cikk_id, temakor_id) VALUES (1, 1, 1);
INSERT INTO Cikk_temakor(id, cikk_id, temakor_id) VALUES (2, 2, 2);
INSERT INTO Cikk_temakor(id, cikk_id, temakor_id) VALUES (3, 3, 3);
INSERT INTO Cikk_temakor(id, cikk_id, temakor_id) VALUES (4, 4, 4);
INSERT INTO Cikk_temakor(id, cikk_id, temakor_id) VALUES (5, 5, 5);
INSERT INTO Cikk_temakor(id, cikk_id, temakor_id) VALUES (6, 6, 6);
INSERT INTO Cikk_temakor(id, cikk_id, temakor_id) VALUES (7, 7, 7);
INSERT INTO Cikk_temakor(id, cikk_id, temakor_id) VALUES (8, 8, 8);
INSERT INTO Cikk_temakor(id, cikk_id, temakor_id) VALUES (9, 9, 9);
INSERT INTO Cikk_temakor(id, cikk_id, temakor_id) VALUES (10, 10, 10);
INSERT INTO Cikk_temakor(id, cikk_id, temakor_id) VALUES (11, 11, 11);
INSERT INTO Cikk_temakor(id, cikk_id, temakor_id) VALUES (12, 12, 12);
INSERT INTO Cikk_temakor(id, cikk_id, temakor_id) VALUES (13, 13, 13);
INSERT INTO Cikk_temakor(id, cikk_id, temakor_id) VALUES (14, 14, 14);
INSERT INTO Cikk_temakor(id, cikk_id, temakor_id) VALUES (15, 15, 15);
INSERT INTO Cikk_temakor(id, cikk_id, temakor_id) VALUES (16, 16, 16);
INSERT INTO Cikk_temakor(id, cikk_id, temakor_id) VALUES (17, 17, 17);
INSERT INTO Cikk_temakor(id, cikk_id, temakor_id) VALUES (18, 18, 18);
INSERT INTO Cikk_temakor(id, cikk_id, temakor_id) VALUES (19, 19, 19);
INSERT INTO Cikk_temakor(id, cikk_id, temakor_id) VALUES (20, 20, 20);

INSERT INTO Hiba (id, bejelentes_ideje, hiba_leiras, archiv_e, bejelento_felhasznalo_id) VALUES (1, '2022-01-01', 'Hálózati hiba', 0, 1);
INSERT INTO Hiba (id, bejelentes_ideje, hiba_leiras, archiv_e, bejelento_felhasznalo_id) VALUES (2, '2022-02-15', 'Alkalmazás nem válaszol', 0, 2);
INSERT INTO Hiba (id, bejelentes_ideje, hiba_leiras, archiv_e, bejelento_felhasznalo_id) VALUES (3, '2022-03-20', 'Adatbázis hiba', 0, 3);
INSERT INTO Hiba (id, bejelentes_ideje, hiba_leiras, archiv_e, bejelento_felhasznalo_id) VALUES (4, '2022-04-01', 'Leállt az alkalmazás', 0, 4);
INSERT INTO Hiba (id, bejelentes_ideje, hiba_leiras, archiv_e, bejelento_felhasznalo_id) VALUES (5, '2022-05-12', 'Lehetetlen bejelentkezni', 0, 5);
INSERT INTO Hiba (id, bejelentes_ideje, hiba_leiras, archiv_e, bejelento_felhasznalo_id) VALUES (6, '2022-06-03', 'Az adatok nem menthetők el', 0, 6);
INSERT INTO Hiba (id, bejelentes_ideje, hiba_leiras, archiv_e, bejelento_felhasznalo_id) VALUES (7, '2022-07-11', 'Az alkalmazás összeomlott', 0, 7);
INSERT INTO Hiba (id, bejelentes_ideje, hiba_leiras, archiv_e, bejelento_felhasznalo_id) VALUES (8, '2022-08-05', 'Az adatok nem jelennek meg', 0, 8);
INSERT INTO Hiba (id, bejelentes_ideje, hiba_leiras, archiv_e, bejelento_felhasznalo_id) VALUES (9, '2022-09-22', 'Alkalmazás nem működik', 0, 9);
INSERT INTO Hiba (id, bejelentes_ideje, hiba_leiras, archiv_e, bejelento_felhasznalo_id) VALUES (10, '2022-10-18', 'Az adatok eltűntek', 0, 10);
INSERT INTO Hiba (id, bejelentes_ideje, hiba_leiras, archiv_e, bejelento_felhasznalo_id) VALUES (11, '2022-11-02', 'Hálózati probléma', 0, 1);
INSERT INTO Hiba(id, bejelentes_ideje, hiba_leiras, archiv_e, bejelento_felhasznalo_id)
VALUES (12, '2022-03-03', 'Elavult adatokat mutat a felhasználói profil', 0, 2);
INSERT INTO Hiba(id, bejelentes_ideje, hiba_leiras, archiv_e, bejelento_felhasznalo_id)
VALUES (13, '2022-03-12', 'Elrontott megjelenítési formázás a Mobil Verzióban', 0, 3);
INSERT INTO Hiba(id, bejelentes_ideje, hiba_leiras, archiv_e, bejelento_felhasznalo_id)
VALUES (14, '2022-03-19', 'Hibás statisztikai adatok az oldalon', 0, 4);
INSERT INTO Hiba(id, bejelentes_ideje, hiba_leiras, archiv_e, bejelento_felhasznalo_id)
VALUES (15, '2022-04-02', 'Több komment nem jelenik meg a cikk oldalon', 0, 1);
INSERT INTO Hiba(id, bejelentes_ideje, hiba_leiras, archiv_e, bejelento_felhasznalo_id)
VALUES (16, '2022-04-09', 'Az oldal lassan töltődik be', 0, 2);
INSERT INTO Hiba(id, bejelentes_ideje, hiba_leiras, archiv_e, bejelento_felhasznalo_id)
VALUES (17, '2022-04-18', 'Az oldal teljesen leállt', 0, 3);
INSERT INTO Hiba(id, bejelentes_ideje, hiba_leiras, archiv_e, bejelento_felhasznalo_id)
VALUES (18, '2022-04-22', 'Az új cikk feltöltés nem működik', 0, 4);
INSERT INTO Hiba(id, bejelentes_ideje, hiba_leiras, archiv_e, bejelento_felhasznalo_id)
VALUES (19, '2022-05-01', 'Az oldal nem található', 0, 1);
INSERT INTO Hiba(id, bejelentes_ideje, hiba_leiras, archiv_e, bejelento_felhasznalo_id)
VALUES (20, '2022-05-07', 'Nem lehet bejelentkezni az oldalra', 0, 2);
INSERT INTO Hiba(id, bejelentes_ideje, hiba_leiras, archiv_e, bejelento_felhasznalo_id)
VALUES (21, '2022-02-15', 'NullReferenceException a Cikk_szerkesztes oldalon', 0, 4);